Denumire,PretFMC,StocTKR,StocTKRM,RealimentareStoc
AcumulatorexternTellurSlim5000mAh,10,0,0,
AdaptorTellurAutoDualUSB(2.4A),6,0,9,
AdaptorTellurAutoDualUSB(3.1A),5,0,10,
AdaptorTellurReteaDualUSB(2.1A),6,1,0,
AllviewAllbookL,154,0,182,Necunoscut
"AsusGL553VD15.6"".i7-7700HQ2.8GHz6MB.8GB.1TB7200RPM.GTX1050Ti-4GB.GL553VD-FY009",797,23,0,
"AsusNEREUSCarryBagfor16"".trollersupport.black.90-XB4000BA00010",9,94,0,
ASUSS1PortableLEDProjector.200lumens.Built-in6000mAhbattery,279,6,0,
BateryMotionSensor,41,5,0,
BrataraFitnessALLVIEWAllwatchS.black,45,2,5,
C/CH2USBPorts5.4AQualcomm3.0,8,0,15,
C/CH3USBPorts8.4A(TypeC)Qualcomm3.0,12,3,0,
Cablu3in1Micro_usb&Lightning&TypeC,5,5,30,
CameraMonitor360,79,17,0,
CameraMonitorHD,80,0,0,
CascaBluetoothMorpheusZeal,46,1,0,
CascaBluetoothPlantronicsBackBeatSen,141,0,2,Necunoscut
CastiBluetoothAppleAirPodsMMEF2ZM/A,130,0,9,
CeasSmartwatchSamsungGearS3.Frontier.brataraactivasilicon.IP68.SM-R760NDAAROM,324,0,0,
ConnectedHomeHub,77,0,0,
DeskjetInkAdvantage3835All-in-One,44,905,0,Necunoscut
DesktopAsusK31CD-RO022D.i5-6400(2.7Ghz-3.3GHz.6MB)IntelHD.RAM4GBDDR4.HDD1TB.DOS,404,0,0,EOL-numairevine
Door&windowsensor,38,5,0,
FitnessTrackerUnderArmourBand,126,5,10,
H-FBluetoothAPOLLOblack,8,1,0,
H-FBluetoothAPOLLOwhite,8,3,13,
H-FBluetoothATHLETEblack,24,1,0,
H-FBluetoothATHLETEwhite,24,1,5,
H-FBluetoothPlantronicsExplorer115,40,0,29,
H-FBluetoothPlantronicsExplorer50,19,0,30,
H-FBluetoothPlantronicsM55,21,0,0,Necunoscut
H-FBluetoothPlantronicsML15,12,0,32,
HIDOmnikey3821,57,42,0,
HotelTV32.HD.HG32ED450SWXEN,256,350,0,EOL-numairevine
HuaweiWatchW2CarbonBlackSport,216,0,0,
HuaweiWatchW2CarbonGreySport,216,0,1,
"InteractivEDUBasicLightSONY87""",760,0,0,
"InteractivEDUBasicPremPanasST83""",1213,0,0,
"InteractivEDUProfInfocusST94""",1436,0,0,
"InteractivEDUProfPanasonic101""",1545,0,0,
"InteractivEDUProfSONYUST83""",1385,0,0,
InterfataGSMcufaxXSJackT3E,148,0,0,EOL-numairevine
iPhone664gbSpaceGrey,599,0,22,EOL-numairevine
KEYBOARD+MOUSEWRLOPT.W3000ENGBLA90-XB2400KM00030ASUS,15,0,0,
LaptopAcerEX2519-C068CeleronN3060,240,0,0,
LaptopAcerEX2540-38M8Corei36006u,433,0,2,
LaptopAcerTMP259G2M56Q7i5-7200U,679,0,10,
LaptopAcerTMP259G2MG78DHi7-7500U,788,0,0,
LaptopAcerTMP259M38S5i3-6006UWin10,604,0,54,
"LaptopAsusGL753VE17.3""LEDFHDAG.IntelCore i7-7700HQ.GL753VE-GC016?",872,16,0,
LaptopAsusP2540UA-DM0107T.i3.Win1064bitP2540UA-DM0107T,415,101,0,
"LaptopAsusP2540UA-DM0113R.i5.SATA256GSSD.15.6"".Win10",646,3,0,
"LaptopAsusProB9440UA-GV0050R.14""i7-7500U(2.7GHz-3.5GHz)HDGraph620.8GB SSD512GBWin10Pro",1115,10,0,
LaptopAsusVivoBookMAXX541NA-GO008.15.6.CeleronN3350,200,0,0,
LaptopAsusVivoBookPro1515.6i7,787,9,0,
"LaptopASUSX541NA15.6""CeleronN3350",319,0,49,
"LaptopAsusX541UA15.6""LEDHDGlare.IntelCorei3-6006U.X541UA-GO1374",295,57,0,
"LaptopAsusZenbookFlipUX360UAK13.3""GlareTouch.i7-7500U2.7GHz4MB.8GB.256GBSSD.Win10Home.UX360UAK-C4232T",918,3,0,EOL-numairevine
"LaptopLenovoT460.i5-6200U.14.0""FullHD.8GB.SSD256GB.WIn10PRO.20FN003LRI",1028,40,0,Necunoscut
"LaptopLenovoV310.i5.15.6""WIn10PRO.1TBHDD+128SSD.8Gb.DVD. WIn10PRO",618,182,0,Necunoscut
LaptopLenovoX1Carbon5.i7.8GB.SSD256.20HR002CRI,1616,33,0,
LeatherCaseiPhone7PlusRedMMYK2ZM/A,43,5,7,
LeatherCaseiPhone7RedMMY62ZM/A,40,5,5,
LKA-200-Telefonanalogic,12,0,0,Necunoscut
LKA-220C-TelefonanalogiccuCID,20,18,0,Necunoscut
M/PAcerZ530DualSimBlackFlipCover,105,35,0,EOL-numairevine
M/PAllviewA5readydualsimblack,42,45,360,EOL-numairevine
M/PAllviewD1Senior,24,26,32,Necunoscut
M/PAllviewE3Jump,132,7,29,EOL-numairevine
M/PAllviewL7dualsimblack,12,133,712,Necunoscut
M/PAllviewM9Connect,32,13,89,EOL-numairevine
M/PAllviewM9JoinBlack,26,4,55,EOL-numairevine
M/PAllviewM9jumpblackdual,48,22,0,Necunoscut
M/PAllviewM9Luna,24,124,268,EOL-numairevine
M/PAllviewP5Produalsimblack,55,2,0,EOL-numairevine
M/PAllviewP6energyliteblack,53,43,461,EOL-numairevine
M/PAllviewP7ProGreydualsim,92,29,61,Necunoscut
M/PAllviewP8emagicdarkgreydualsim,116,53,78,EOL-numairevine
M/PAllviewP8EnergyMinidualsimgrey,97,2,0,EOL-numairevine
M/PAllviewP9energylite2017black,145,9,34,Necunoscut
M/PAllviewP9energylite2017gold,145,4,12,Necunoscut
M/PAllviewP9energyminiblue,118,24,12,Necunoscut
M/PAllviewP9energyminimochagold,118,13,0,Necunoscut
M/PAllviewP9energymochagolddual,267,6,7,EOL-numairevine
M/PAllviewV2ViperIdualsimwhite,74,1,0,EOL-numairevine
M/PAllviewX2SoulLiteblack,97,1,0,EOL-numairevine
M/PAllviewX2SoulLitewhite,97,0,6,EOL-numairevine
M/PAllviewX3SoulLiteGold,116,6,8,EOL-numairevine
M/PAllviewX3SoulLiteGrey,116,4,22,EOL-numairevine
M/PAllviewX3soulplusgold,216,2,11,EOL-numairevine
M/PAllviewX3SoulStyleMochaGold,179,4,12,EOL-numairevine
M/PAllviewX4SoulBlack,267,1,9,EOL-numairevine
M/PAllviewX4SoulInfinity1Blue,139,10,48,Necunoscut
M/PAllviewX4SoulInfinity2Blue,168,4,10,Necunoscut
M/PAllviewX4SoulInfinity2Grey,168,5,5,Necunoscut
M/PAllviewX4SoulMiniSBlack,83,22,26,Necunoscut
M/PAllviewX4SoulMiniSBlue,83,14,35,Necunoscut
M/PAllviewX4VisionProjectorPhone,353,12,10,Necunoscut
M/PBlackberryDTEK50CarbonGrey,258,1,10,EOL-numairevine
M/PBlackberryDTEK60EarthSilver,457,2,10,EOL-numairevine
M/PBlackberryKeyone,489,0,15,Necunoscut
M/PCATB25,41,26,170,Necunoscut
M/PCATB30,57,11,30,EOL-numairevine
M/PCATS30,150,25,0,EOL-numairevine
M/PCATS60,536,2,24,Necunoscut
M/PHTCDesire10Lifestyleblack,221,0,0,EOL-numairevine
M/PHTCDesire10Lifestylewhite,221,1,8,EOL-numairevine
M/PHTCDesire530DarkGrey,132,3,24,EOL-numairevine
M/PHTCDesire650ArcticNight,116,6,117,Necunoscut
M/PHTCDesire650LimeLight,116,14,3,Necunoscut
M/PHTCDesire828DarkGrey,263,0,8,EOL-numairevine
M/PHTCDesire828PearlWhite,263,1,7,EOL-numairevine
M/PHTCOneA9Grey,239,1,0,EOL-numairevine
M/PHTCU11dualsimAmazingSilver,541,6,13,EOL-numairevine
M/PHTCU11dualsimBrillianBlack,541,6,19,Necunoscut
M/PHTCU11dualsimSapphireBlue,541,3,13,EOL-numairevine
M/PHTCU11LifeBrilliantBlack,284,14,19,Necunoscut
M/PHTCU11LifeSapphireBlue,284,0,0,Necunoscut
M/PHTCUPlayBrilliantBlack,284,0,12,EOL-numairevine
M/PHTCUPlaySapphireBlue,284,2,8,EOL-numairevine
M/PHTCUUltraBrilliantBlack,499,1,7,Necunoscut
M/PHuaweiAscendP8LiteDualSIMBlack,132,0,0,EOL-numairevine
M/PHuaweiAscendY530black,63,2,0,EOL-numairevine
M/PHuaweiMate10litedualsimblack,263,6,0,Necunoscut
M/PHuaweiMate10litedualsimgold,263,3,82,Necunoscut
M/PHuaweiNovaMysticSilver,300,0,0,EOL-numairevine
M/PHuaweiNovaPrestigeGold,300,0,6,EOL-numairevine
M/PHuaweiNovaTitaniumGrey,300,0,1,EOL-numairevine
M/PHuaweiP10DazzlingBlueDual,410,1,6,Necunoscut
M/PHuaweiP10GraphiteBlackDual,410,0,13,EOL-numairevine
M/PHuaweiP10GreeneryDual,410,1,11,Necunoscut
M/PHuaweiP10liteblackDual,195,6,67,Necunoscut
M/PHuaweiP10litegoldDual,195,7,41,Necunoscut
M/PHuaweiP10liteSapphireBlueDual,195,14,61,Necunoscut
M/PHuaweiP10plusGraphiteBlack,578,0,0,Necunoscut
M/PHuaweiP9Lite2017blackDual,168,58,86,Necunoscut
M/PHuaweiP9Lite2017goldDual,168,7,87,Necunoscut
M/PHuaweiP9liteminidualsimblack,116,57,40,Necunoscut
M/PHuaweiP9liteminidualsimgold,116,66,60,Necunoscut
M/PHuaweiP9liteminidualsimsilver,116,68,166,Necunoscut
M/PHuaweiY5IIBlackdualsim,84,0,0,EOL-numairevine
M/PHuaweiY6IIBlackdualsim,132,1,0,EOL-numairevine
M/PiPhone6s16GBGold,599,0,15,EOL-numairevine
M/PiPhone6s16GBRoseGold,599,0,8,EOL-numairevine
M/PiPhone6s16GBSilver,599,2,0,EOL-numairevine
M/PIphone6s32GBGold,531,0,14,EOL-numairevine
M/PIphone6s32GBSpaceGrey,531,0,19,EOL-numairevine
M/PiPhone6sPlus128GBSpaceGray,851,0,24,EOL-numairevine
M/PiPhone6sPlus64GBSpaceGray,767,0,6,EOL-numairevine
M/PIphone7128GBBlack,662,8,1,EOL-numairevine
M/PIphone7128GBGold,662,0,35,EOL-numairevine
M/PIphone7128GBJetBlack,662,1,4,EOL-numairevine
M/PIphone7128GBRoseGold,662,0,16,EOL-numairevine
M/PIphone7128GBSilver,662,4,0,EOL-numairevine
M/PIphone7256GBBlack,756,2,16,EOL-numairevine
M/PIphone7256GBGold,756,2,36,EOL-numairevine
M/PIphone7256GBJetBlack,756,1,20,EOL-numairevine
M/PiPhone7256GBREDSpecialEdition,756,4,5,EOL-numairevine
M/PIphone7256GBRoseGold,756,4,29,EOL-numairevine
M/PIphone7256GBSilver,756,3,36,EOL-numairevine
M/PIphone732GBBlack,567,379,0,Necunoscut
M/PIphone732GBGold,567,0,0,EOL-numairevine
M/PIphone732GBSilver,567,0,0,EOL-numairevine
M/PIphone7plus128GBGold,777,0,7,EOL-numairevine
M/PIphone7plus128GBJetBlack,777,0,10,EOL-numairevine
M/PIphone7plus128GBRED,777,0,3,EOL-numairevine
M/PIphone7plus128GBRoseGold,777,0,5,EOL-numairevine
M/PIphone7plus128GBSilver,777,1,35,EOL-numairevine
M/PIphone7plus256GBBlack,872,0,13,EOL-numairevine
M/PIphone7plus256GBGold,872,0,19,EOL-numairevine
M/PIphone7plus256GBJetBlack,872,0,33,EOL-numairevine
M/PiPhone7plus256GBREDSpecialEd,872,1,10,EOL-numairevine
M/PIphone7plus256GBRoseGold,872,0,30,EOL-numairevine
M/PIphone7plus256GBSilver,872,0,30,EOL-numairevine
M/PiPhone8256GBGold,793,15,1,Necunoscut
M/PiPhone8256GBSilver,793,22,52,Necunoscut
M/PiPhone8256GBSpaceGrey,793,7,5,Necunoscut
M/PiPhone864GBSpaceGrey,657,1,120,Necunoscut
M/PiPhone8Plus256GBGold,888,20,0,Necunoscut
M/PiPhone8Plus256GBSilver,888,0,0,Necunoscut
M/PiPhone8Plus256GBSpaceGrey,888,0,0,Necunoscut
M/PiPhone8Plus64GBGold,746,1,0,Necunoscut
M/PiPhone8Plus64GBSilver,746,0,0,Necunoscut
M/PiPhone8Plus64GBSpaceGrey,746,0,0,Necunoscut
M/PiPhone 864GB Gold,657,0,0,Necunoscut
M/PiPhone 864GB Silver,657,21,96,Necunoscut
M/PIphoneSE32GBSpaceGrey,284,0,0,EOL-numairevine
M/PiPhoneX256GBSilver,1082,0,0,Necunoscut
M/PiPhoneX256GBSpaceGrey,1082,0,0,Necunoscut
M/PiPhoneX64GBSilver,945,0,0,Necunoscut
M/PiPhoneX64GBSpaceGrey,945,0,0,Necunoscut
M/PLenovoA2010dualsimblack,58,0,0,EOL-numairevine
M/PLenovoBdualsimblack,60,43,0,EOL-numairevine
M/PLenovoBdualsimwhite,60,0,0,EOL-numairevine
M/PLenovoK5DarkGreydualsim,116,52,15,EOL-numairevine
M/PLGG4cSilver,174,0,11,EOL-numairevine
M/PLGG5Titan,462,0,11,EOL-numairevine
M/PLGG6AstroBlack,504,0,0,EOL-numairevine
M/PLGG6IcePlatinum,504,0,0,EOL-numairevine
M/PLGGFlex2,415,1,0,EOL-numairevine
M/PLGK102017Black,132,31,69,Necunoscut
M/PLGK102017Gold,132,13,50,Necunoscut
M/PLGK10Black,101,5,91,EOL-numairevine
M/PLGK42017Titan,84,147,164,Necunoscut
M/PLGK82017Gold,105,13,45,Necunoscut
M/PLGK82017Titan,105,20,29,Necunoscut
M/PLGK8Indigo,116,6,0,EOL-numairevine
M/PLGL65Black,78,0,116,EOL-numairevine
M/PLGQ6Black,221,12,10,Necunoscut
M/PLGQ6Platinium,221,16,10,Necunoscut
M/PMaxcomClassicMM141Brown,17,25,127,
M/PMaxcomComfortMM720,23,19,80,
M/PMotoG5DualSimGold,145,5,27,Necunoscut
M/PMotoG5DualSimGrey,145,4,3,Necunoscut
M/PMotorolaMotoCblack,63,24,224,Necunoscut
M/PMotorolaMotoE4PlusIronGrey,147,15,49,Necunoscut
M/PMotorolaMotoZ2PlayGreyplusJBL,352,10,5,Necunoscut
M/PNokia150Black,24,1,0,EOL-numairevine
M/PNokia150DualSimBlack,24,44,564,Necunoscut
M/PNokia230,41,85,368,Necunoscut
M/PNokia230DualSIMBlack,41,50,0,Necunoscut
M/PNokia3310DualSIMBlue,40,48,194,Necunoscut
M/PNokia3310DualSIMGrey,40,23,230,Necunoscut
M/PNokia3310DualSIMRed,40,132,124,Necunoscut
M/PNokia3310DualSIMYellow,40,150,138,Necunoscut
M/PNokia3 DualSIMSatinCopper,111,58,68,Necunoscut
M/PNokia3 DualSIMSilverWhite,111,57,53,Necunoscut
M/PNokia3 DualSIMTemperedBlue,111,92,71,Necunoscut
M/PNokia3DualSIMMatteBlack,111,88,142,Necunoscut
M/PNokia5DualSIM SatinSilver,147,18,82,Necunoscut
M/PNokia5DualSIMSatinblack,147,33,118,Necunoscut
M/PNokia6DualSIMSatinblack,179,12,13,Necunoscut
M/PNokia6DualSIMSatinSilver,179,17,21,Necunoscut
M/PNokia8DualSIMTemperedBlue,452,6,25,Necunoscut
M/PNokiaLumia635Black,115,9,0,EOL-numairevine
M/PNokiaLumia930Black,344,4,0,EOL-numairevine
M/PSamsung GalaxyS8MidnightBlack,515,0,0,Necunoscut
M/PSamsungGalaxyA52017GoldSand,294,0,0,EOL-numairevine
M/PSamsungGalaxyCorePrimeG360GCharcoalGrey,113,1,0,EOL-numairevine
M/PSamsungGalaxyJ3LTEdualsimBlack,100,424,485,Necunoscut
M/PSamsungGalaxyJ3LTEdualsimGold,100,144,739,
M/PSamsungGalaxyJ3LTEdualsimWhite,100,210,708,Necunoscut
M/PSamsungGalaxyJ52017DualBlack,168,118,405,Necunoscut
M/PSamsungGalaxyJ52017DualGold,168,103,211,Necunoscut
M/PSamsungGalaxyJ72017DualBlack,200,10,0,Necunoscut
M/PSamsungGalaxyJ72017DualGold,200,69,0,Necunoscut
M/PSamsungGalaxyNote8Black,720,29,216,Necunoscut
M/PSamsungGalaxyNote8Gold,720,21,126,Necunoscut
M/PSamsungGalaxyS664GBBlack,567,4,0,EOL-numairevine
M/PSamsungGalaxyS732GBBlack,420,67,162,Necunoscut
M/PSamsungGalaxyS732GBGold,420,49,72,Necunoscut
M/PSamsungGalaxyS8OrchidGray,515,0,1,Necunoscut
M/PSamsungGalaxyS8PlusMidnightBlk,599,0,0,Necunoscut
M/PSamsungGalaxyS8PlusOrchidGray,599,2,0,Necunoscut
M/PSamsungGalaxyXCover4,188,22,39,EOL-numairevine
M/PSonyXperiaE5Black,138,1,25,EOL-numairevine
M/PSonyXperiaE5White,138,2,26,EOL-numairevine
M/PSonyXperiaM4AquaBlack,179,5,0,EOL-numairevine
M/PSonyXperiaXABlack,178,0,17,EOL-numairevine
M/PSonyXperiaXARoseGold,178,1,3,EOL-numairevine
M/PSonyXperiaXAWhite,178,0,22,EOL-numairevine
M/PSonyXperiaXblack,394,0,15,EOL-numairevine
M/PSonyXperiaXwhite,394,0,5,EOL-numairevine
M/PSonyXperiaXZ1dualsimBlack,512,4,12,Necunoscut
M/PSonyXperiaXZ1dualsimBlue,512,0,4,Necunoscut
"MacBookAir13""i5DC1.8GHz/8GB/128GB.mqd32ro/a",972,30,0,
mem_cardSD-micro16GBKingmax,7,0,3,
mem_cardSD-micro16GBTellurClasa10,7,7,0,
mem_cardSD-micro32GBTellurClasa10,14,21,29,
mem_cardSD-micro4GBTellur,3,0,0,EOL-numairevine
mem_cardSD-micro8GBTellurClasa10,5,2,0,
MIIX320.10.1HDIPS.CPUZ8350.RAM4GLPDDR3.LTE.W10HOME.MIIX320-10ICR,304,71,0,
MobilePhoneRugGearRG310,242,3,0,Necunoscut
MobilePhoneRugGearRG500,313,65,0,Necunoscut
MOBILINKGSM,173,13,15,Necunoscut
Modem4GConnectE3372h,34,871,77,Necunoscut
Modem4GConnectE5577cHOTSPOT,45,24,4,EOL-numairevine
MonitorAsusVS247NR,102,0,0,Necunoscut
MonitorAsusVS278H,178,14,0,
MonitorTVLG22MT49DF-PZ.AEU,118,39,0,
MultifunctionalaLaserXeroxWorkCenter3215,133,134,0,
"NBBackpackROGRanger17"".90XB0310-BBP010",75,3,0,
Pachet58-PBX-Panasonic-3trkanalog.8ext.hibride.1terminaldigital.1DISAcumesajdeintampinare180s.noCID,298,0,0,Necunoscut
Pachet81-IPPBX-eMG804trkanalogice.1trkSIPcu2canale.8extensiihibride.1terminaldigital.voicemail,375,0,0,Necunoscut
Pachet86-IPPBX-eMG80-4trkanalogice.1trkSIPcu2canale.16extensiihibride.1terminaldigital.voicemai,516,0,0,Necunoscut
Pachet95-PBX-Panasonic-2trkSIPcucate2canaleIPfiecare.6trkanalogice.16extensiianalogice.2extensii,899,0,0,Necunoscut
Pachet96-PBX-Panasonic-1trkSIPcu10canaleIP.6trkanalogice.24extensiianalogice.2extensiidigitale.4,1192,0,0,Necunoscut
PachetSmartpentrubirouComfort,152,68,0,
PachetSmartpentrubirouSecurity,204,10,0,
PowerEdgeT410TowerChassis.Upto6x3.5CabledHDDs.LEDDiagnostics.C2.TPM.210-31925,2627,6,0,EOL-numairevine
RouterHuaweiB315s,87,0,80,Necunoscut
SamsungGalaxyTabActive(LTE)T365Black,366,35,0,EOL-numairevine
SamsungGalaxyTabS(8.4'')T705black,363,7,0,EOL-numairevine
SamsungGear360(2017)White,184,9,13,
SamsungGearIconXIn-earHeadsetBlack,128,4,0,
SamsungGearVR3SM-R324NZAAROM,104,6,0,
"SamsungTabE.9.6"".3GBlack",156,1585,0,Necunoscut
"SamsungTabS2.8"".LTEBlack",444,87,0,Necunoscut
"SamsungTabS2.9.7"".LTEBlack",501,49,0,Necunoscut
ServerDellPowerEdgeT110II.IntelXeonE3-1220.4G.Upto4x3.5CabledHDDs.210-35874,1532,9,0,EOL-numairevine
"ServerNECT110g-E.XeonE3-1220v3(3.1GHz.8MB).4GB.1TBHDD.WS2012R2.21.5""Philips223V5LSB2/10",1393,9,0,Necunoscut
ShopTVSamsungLH48RHEELGW/EN,599,113,0,Necunoscut
SiliconecaseiPhone7PlusRedMMQV2ZM/A,33,5,3,
SiliconecaseiPhone7RedMMWN2ZM/A,28,5,4,
SirenDCH-S220,48,5,0,
SirenDCH-Z510,53,5,0,
SmartPlug,38,4,0,
SmartTVSamsungUE32M5502AKXXH,391,14,0,
SmartTVUE55M5502AKXXH,813,0,0,
T/CH3USBPorts5.0AQualcomm3.0,15,6,10,
TabletaHuaweiMediapadT110,187,4,3,Necunoscut
TabletaHuaweiMediapadT18,155,2,27,Necunoscut
"TabletaLenovoMIIX310,ProcesorZ8350,10.1""LED,2GB,64GBSSD,W10,LTE,80SG005FRI",271,833,1,Necunoscut
TabletaLenovoTab410HD,187,0,23,Necunoscut
TabletaLenovoTB3-730X16GBLTE,95,0,24,Necunoscut
TabletanJoyKali8LTE,85,0,28,EOL-numairevine
TabletanJoyTheia10,106,0,46,Necunoscut
TabletaSamsungGalaxyTabS34GT825,593,121,0,
TabletaSamsungTabA10.1(T585),248,0,1,Necunoscut
TelefonanalogicPanasoniccucallerIDKX-TS560FXB,25,0,0,
TelefonDectGigasetA116,14,156,0,
"TelefonDECTPanasoniccuecranmatricialcuafisarepeunrand,KX-TGB210FXB",16,0,0,Necunoscut
ThinkVisualE2054.19.5''WideIPS.1440x900.1000:1.250cd/mp.VGA.7ms. 1000022116,87,3,0,
"TVJVC32""D-LEDHDRLT-32VH30K",179,0,0,
"TVJVC43""D-LEDHDRSMARTLT-43VF52K",336,4,0,
"TVJVC49""DLEDUHDSMARTWIFIDVBT2/C/S2ChromeDoubleNeckStandLT-49VU72K",427,34,0,
TVJVC-LT-32VH52K,202,1,0,Necunoscut
TVJVC-LT-55VU72K,466,282,0,
TVSamsungLH55RHEELGW/EN,941,127,0,Necunoscut
TVSamsungRM48D,597,24,0,EOL-numairevine
TVSamsungUE49K5102AKXBT,504,113,0,Necunoscut
TVSamsungUE55J5100AWXXH,708,25,0,EOL-numairevine
TVSamsungUE55K5102AKXBT,718,112,0,Necunoscut
USBFlashDriveTellurforiPhone16GB,37,4,5,EOL-numairevine
USBFlashDriveTellurforiPhone32GB,49,5,2,EOL-numairevine
USBFlashDriveTellurforiPhone64GB,71,5,4,EOL-numairevine
Watersensor,57,5,0,
Wi-fiaudioExtender,39,5,0,
Wi-fiMotionsensor,34,5,0,
